{
  "GrowerReceivedMean": {
    "values": [
      53.973295454544456, 
      52.09963333333256, 
      44.42965930232501, 
      49.24257439024285, 
      81.95004375, 
      91.35491625000002, 
      79.35945921052563, 
      95.95356891891842, 
      84.93800135135264, 
      68.87629305555676, 
      58.28044861111082, 
      41.85896911764572, 
      40.85226285714167, 
      41.93773970588286, 
      47.8427734375, 
      67.24261166666774, 
      75.11723103448335, 
      81.90611612903125, 
      93.89006896551669, 
      88.2209482142862, 
      100.60906666666786, 
      125.53646153846296, 
      114.48001481481428, 
      97.18827999999999, 
      111.7841340909087, 
      102.66614999999997, 
      105.85911052631499, 
      129.21109705882222, 
      111.00663333333125, 
      143.3253
    ], 
    "years": [
      "1990", 
      "1991", 
      "1992", 
      "1993", 
      "1994", 
      "1995", 
      "1996", 
      "1997", 
      "1998", 
      "1999", 
      "2000", 
      "2001", 
      "2002", 
      "2003", 
      "2004", 
      "2005", 
      "2006", 
      "2007", 
      "2008", 
      "2009", 
      "2010", 
      "2011", 
      "2012", 
      "2013", 
      "2014", 
      "2015", 
      "2016", 
      "2017", 
      "2018", 
      "2019"
    ]
  }, 
  "RetailPriceMean": {
    "values": [
      452.5882352941176, 
      448.2352941176471, 
      452.6470588235294, 
      403.1666666666667, 
      458.63157894736844, 
      603.047619047619, 
      567.5714285714286, 
      535.4166666666666, 
      530.5833333333334, 
      482.5769230769231, 
      419.03846153846155, 
      375.5, 
      373.44444444444446, 
      424.14814814814815, 
      456.4074074074074, 
      473.48148148148147, 
      488.88461538461536, 
      545.0, 
      609.12, 
      571.6296296296297, 
      577.0, 
      698.8888888888889, 
      690.9629629629629, 
      681.2222222222222, 
      681.5769230769231, 
      601.5769230769231, 
      582.8461538461538, 
      614.2692307692307, 
      638.4166666666666, 
      607.8470363636364
    ], 
    "years": [
      "1990", 
      "1991", 
      "1992", 
      "1993", 
      "1994", 
      "1995", 
      "1996", 
      "1997", 
      "1998", 
      "1999", 
      "2000", 
      "2001", 
      "2002", 
      "2003", 
      "2004", 
      "2005", 
      "2006", 
      "2007", 
      "2008", 
      "2009", 
      "2010", 
      "2011", 
      "2012", 
      "2013", 
      "2014", 
      "2015", 
      "2016", 
      "2017", 
      "2018", 
      "2019"
    ]
  }, 
  "unit": "US cents per lb"
}